{"v":"5.8.1","fr":30,"ip":0,"op":41,"w":400,"h":400,"nm":"First Aid 2","ddd":0,"assets":[],"layers":[{"ddd":0,"ind":1,"ty":3,"nm":"box","sr":1,"ks":{"o":{"a":0,"k":0,"ix":11},"r":{"a":0,"k":0,"ix":10},"p":{"a":1,"k":[{"i":{"x":0.667,"y":1},"o":{"x":0.333,"y":0},"t":7,"s":[243.5,161.5,0],"to":[0,13.667,0],"ti":[0,0,0]},{"i":{"x":0.833,"y":1},"o":{"x":0.167,"y":0},"t":17,"s":[243.5,243.5,0],"to":[0,0,0],"ti":[0,13.667,0]},{"t":27,"s":[243.5,161.5,0]}],"ix":2,"l":2},"a":{"a":0,"k":[0,0,0],"ix":1,"l":2},"s":{"a":0,"k":[38,38,100],"ix":6,"l":2}},"ao":0,"ip":0,"op":154,"st":0,"bm":0},{"ddd":0,"ind":2,"ty":4,"nm":"plus","parent":1,"sr":1,"ks":{"o":{"a":0,"k":100,"ix":11},"r":{"a":0,"k":0,"ix":10},"p":{"a":0,"k":[-1.828,-4.558,0],"ix":2,"l":2},"a":{"a":0,"k":[42.805,-40.232,0],"ix":1,"l":2},"s":{"a":0,"k":[263.158,263.158,100],"ix":6,"l":2}},"ao":0,"shapes":[{"ty":"gr","it":[{"ind":0,"ty":"sh","ix":1,"ks":{"a":0,"k":{"i":[[0,0],[0,0]],"o":[[0,0],[0,0]],"v":[[42.805,-64.664],[42.805,-15.8]],"c":false},"ix":2},"nm":"Path 1","mn":"ADBE Vector Shape - Group","hd":false},{"ty":"st","c":{"a":0,"k":[0.996078431606,0.345098048449,0.309803932905,1],"ix":3},"o":{"a":0,"k":100,"ix":4},"w":{"a":0,"k":14,"ix":5},"lc":2,"lj":1,"ml":10,"bm":0,"nm":"Stroke 1","mn":"ADBE Vector Graphic - Stroke","hd":false},{"ty":"tr","p":{"a":0,"k":[0,0],"ix":2},"a":{"a":0,"k":[0,0],"ix":1},"s":{"a":0,"k":[100,100],"ix":3},"r":{"a":0,"k":0,"ix":6},"o":{"a":0,"k":100,"ix":7},"sk":{"a":0,"k":0,"ix":4},"sa":{"a":0,"k":0,"ix":5},"nm":"Transform"}],"nm":"Group 1","np":2,"cix":2,"bm":0,"ix":1,"mn":"ADBE Vector Group","hd":false},{"ty":"gr","it":[{"ind":0,"ty":"sh","ix":1,"ks":{"a":0,"k":{"i":[[0,0],[0,0]],"o":[[0,0],[0,0]],"v":[[18.373,-40.232],[67.238,-40.232]],"c":false},"ix":2},"nm":"Path 1","mn":"ADBE Vector Shape - Group","hd":false},{"ty":"st","c":{"a":0,"k":[0.996078431606,0.345098048449,0.309803932905,1],"ix":3},"o":{"a":0,"k":100,"ix":4},"w":{"a":0,"k":14,"ix":5},"lc":2,"lj":1,"ml":10,"bm":0,"nm":"Stroke 1","mn":"ADBE Vector Graphic - Stroke","hd":false},{"ty":"tr","p":{"a":0,"k":[0,0],"ix":2},"a":{"a":0,"k":[0,0],"ix":1},"s":{"a":0,"k":[100,100],"ix":3},"r":{"a":0,"k":0,"ix":6},"o":{"a":0,"k":100,"ix":7},"sk":{"a":0,"k":0,"ix":4},"sa":{"a":0,"k":0,"ix":5},"nm":"Transform"}],"nm":"Group 2","np":2,"cix":2,"bm":0,"ix":2,"mn":"ADBE Vector Group","hd":false},{"ty":"tm","s":{"a":1,"k":[{"i":{"x":[0.667],"y":[1]},"o":{"x":[0.333],"y":[0]},"t":0,"s":[50]},{"i":{"x":[0.667],"y":[1]},"o":{"x":[0.333],"y":[0]},"t":10,"s":[100]},{"i":{"x":[0.667],"y":[1]},"o":{"x":[0.333],"y":[0]},"t":30,"s":[100]},{"t":40,"s":[50]}],"ix":1},"e":{"a":1,"k":[{"i":{"x":[0.667],"y":[1]},"o":{"x":[0.333],"y":[0]},"t":0,"s":[50]},{"i":{"x":[0.667],"y":[1]},"o":{"x":[0.333],"y":[0]},"t":10,"s":[0]},{"i":{"x":[0.667],"y":[1]},"o":{"x":[0.333],"y":[0]},"t":30,"s":[0]},{"t":40,"s":[50]}],"ix":2},"o":{"a":0,"k":0,"ix":3},"m":1,"ix":3,"nm":"Trim Paths 1","mn":"ADBE Vector Filter - Trim","hd":false},{"ty":"tm","s":{"a":0,"k":0,"ix":1},"e":{"a":0,"k":100,"ix":2},"o":{"a":0,"k":0,"ix":3},"m":1,"ix":4,"nm":"Trim Paths 2","mn":"ADBE Vector Filter - Trim","hd":false}],"ip":0,"op":150,"st":0,"bm":0},{"ddd":0,"ind":3,"ty":4,"nm":"glass_layersb","parent":1,"sr":1,"ks":{"o":{"a":0,"k":100,"ix":11},"r":{"a":0,"k":0,"ix":10},"p":{"a":0,"k":[-1.828,-4.558,0],"ix":2,"l":2},"a":{"a":0,"k":[42.805,-40.232,0],"ix":1,"l":2},"s":{"a":0,"k":[263.158,263.158,100],"ix":6,"l":2}},"ao":0,"shapes":[{"ty":"gr","it":[{"ind":0,"ty":"sh","ix":1,"ks":{"a":0,"k":{"i":[[7.763,0],[0,0],[0,7.763],[0,0],[-7.763,0],[0,0],[0,-7.763],[0,0]],"o":[[0,0],[-7.763,0],[0,0],[0,-7.763],[0,0],[7.763,0],[0,0],[0,7.763]],"v":[[80.725,11.743],[4.886,11.743],[-9.17,-2.312],[-9.17,-78.152],[4.886,-92.208],[80.725,-92.208],[94.781,-78.152],[94.781,-2.312]],"c":true},"ix":2},"nm":"Path 1","mn":"ADBE Vector Shape - Group","hd":false},{"ty":"fl","c":{"a":0,"k":[0.917647118662,0.898039275525,0.898039275525,1],"ix":4},"o":{"a":0,"k":100,"ix":5},"r":1,"bm":0,"nm":"Fill 1","mn":"ADBE Vector Graphic - Fill","hd":false},{"ty":"tr","p":{"a":0,"k":[0,0],"ix":2},"a":{"a":0,"k":[0,0],"ix":1},"s":{"a":0,"k":[100,100],"ix":3},"r":{"a":0,"k":0,"ix":6},"o":{"a":0,"k":100,"ix":7},"sk":{"a":0,"k":0,"ix":4},"sa":{"a":0,"k":0,"ix":5},"nm":"Transform"}],"nm":"Group 1","np":2,"cix":2,"bm":0,"ix":1,"mn":"ADBE Vector Group","hd":false}],"ip":0,"op":150,"st":0,"bm":0},{"ddd":0,"ind":4,"ty":3,"nm":"hand","sr":1,"ks":{"o":{"a":0,"k":0,"ix":11},"r":{"a":1,"k":[{"i":{"x":[0.667],"y":[1]},"o":{"x":[0.333],"y":[0]},"t":12,"s":[0]},{"i":{"x":[0.667],"y":[1]},"o":{"x":[0.333],"y":[0]},"t":17,"s":[9]},{"t":22,"s":[0]}],"ix":10},"p":{"a":0,"k":[99.5,301.5,0],"ix":2,"l":2},"a":{"a":0,"k":[0,0,0],"ix":1,"l":2},"s":{"a":0,"k":[38,38,100],"ix":6,"l":2}},"ao":0,"ip":0,"op":154,"st":0,"bm":0},{"ddd":0,"ind":5,"ty":4,"nm":"h_glass","parent":4,"sr":1,"ks":{"o":{"a":0,"k":100,"ix":11},"r":{"a":0,"k":0,"ix":10},"p":{"a":0,"k":[-0.936,-24.978,0],"ix":2,"l":2},"a":{"a":0,"k":[-100.856,92.008,0],"ix":1,"l":2},"s":{"a":0,"k":[263.158,263.158,100],"ix":6,"l":2}},"ao":0,"shapes":[{"ty":"gr","it":[{"ind":0,"ty":"sh","ix":1,"ks":{"a":0,"k":{"i":[[2.252,0],[0,0],[0,2.252],[0,0],[-2.252,0],[0,0],[0,-2.252],[0,0]],"o":[[0,0],[-2.252,0],[0,0],[0,-2.252],[0,0],[2.252,0],[0,0],[0,2.252]],"v":[[-78.793,126.931],[-122.918,126.931],[-126.996,122.852],[-126.996,61.164],[-122.918,57.086],[-78.793,57.086],[-74.715,61.164],[-74.715,122.852]],"c":true},"ix":2},"nm":"Path 1","mn":"ADBE Vector Shape - Group","hd":false},{"ty":"fl","c":{"a":0,"k":[0.917647058824,0.898039215686,0.898039215686,1],"ix":4},"o":{"a":0,"k":100,"ix":5},"r":1,"bm":0,"nm":"Fill 1","mn":"ADBE Vector Graphic - Fill","hd":false},{"ty":"tr","p":{"a":0,"k":[0,0],"ix":2},"a":{"a":0,"k":[0,0],"ix":1},"s":{"a":0,"k":[100,100],"ix":3},"r":{"a":0,"k":0,"ix":6},"o":{"a":0,"k":100,"ix":7},"sk":{"a":0,"k":0,"ix":4},"sa":{"a":0,"k":0,"ix":5},"nm":"Transform"}],"nm":"Group 1","np":2,"cix":2,"bm":0,"ix":1,"mn":"ADBE Vector Group","hd":false}],"ip":0,"op":150,"st":0,"bm":0},{"ddd":0,"ind":6,"ty":4,"nm":"h_layer","parent":4,"sr":1,"ks":{"o":{"a":0,"k":100,"ix":11},"r":{"a":0,"k":0,"ix":10},"p":{"a":0,"k":[298.869,-55.068,0],"ix":2,"l":2},"a":{"a":0,"k":[13.07,80.574,0],"ix":1,"l":2},"s":{"a":0,"k":[263.158,263.158,100],"ix":6,"l":2}},"ao":0,"shapes":[{"ty":"gr","it":[{"ind":0,"ty":"sh","ix":1,"ks":{"a":0,"k":{"i":[[6.553,5.902],[5.381,-4.34],[0,0],[6.336,0],[0,0],[0,2.004],[-1.414,0],[0,0],[-1.128,6.814],[8.463,0],[0,0],[5.987,-4.869],[0,0],[0,0],[0,-3.819],[0,0],[-3.819,0],[0,0],[-4.947,3.949],[0,0]],"o":[[-5.121,-4.644],[0,0],[-4.904,3.949],[0,0],[-3.819,0],[0,-2.004],[1.414,0],[6.9,0],[1.432,-8.68],[0,0],[-11.236,0],[0,0],[0,0],[-3.819,0],[0,0],[0,3.819],[0,0],[6.293,0],[0,0],[6.597,-5.251]],"v":[[122.339,44.354],[103.851,44.354],[68.75,72.426],[51.39,78.501],[1.398,78.501],[-2.898,74.996],[-0.186,72.123],[33.795,72.123],[48.247,60.578],[34.533,44.347],[-20.905,44.347],[-50.829,48.252],[-68.009,64.614],[-93.912,64.614],[-100.856,71.558],[-100.856,113.221],[-93.912,120.165],[43.796,120.165],[61.155,114.089],[121.775,65.576]],"c":true},"ix":2},"nm":"Path 1","mn":"ADBE Vector Shape - Group","hd":false},{"ty":"fl","c":{"a":0,"k":[0.988235294819,0.75686275959,0.584313750267,1],"ix":4},"o":{"a":0,"k":100,"ix":5},"r":1,"bm":0,"nm":"Fill 1","mn":"ADBE Vector Graphic - Fill","hd":false},{"ty":"tr","p":{"a":0,"k":[0,0],"ix":2},"a":{"a":0,"k":[0,0],"ix":1},"s":{"a":0,"k":[100,100],"ix":3},"r":{"a":0,"k":0,"ix":6},"o":{"a":0,"k":100,"ix":7},"sk":{"a":0,"k":0,"ix":4},"sa":{"a":0,"k":0,"ix":5},"nm":"Transform"}],"nm":"Group 1","np":2,"cix":2,"bm":0,"ix":1,"mn":"ADBE Vector Group","hd":false}],"ip":0,"op":150,"st":0,"bm":0}],"markers":[]}